,Michael Jackson,Clint Black,Dropdead,Anti-Cimex,Cardi B,F1,F2
Alfred,3.0,4.0,,4.0,4.0,3.820956052158428,3.3957621852259843
Mandy,,9.0,,3.0,8.0,3.7103472902488397,7.006196610731771
Lenny,2.0,5.0,8.0,9.0,,7.11326266852976,3.9525016538210918
Joan,3.0,,9.0,4.0,9.0,5.240167491810223,10.035758971778682
Tino,1.0,1.0,,9.0,5.0,5.863280142556007,2.197481536483685
