,Alfred,Mandy,Lenny,Joan,Tino,F1,F2
Michael Jackson,3.0,,2.0,3.0,1.0,0.16405952881722957,0.24803718448721163
Clint Black,4.0,9.0,5.0,,1.0,-0.2076657324945089,1.4210807527055704
Dropdead,,,8.0,9.0,,0.8823554747593317,0.43607160527189726
Anti-Cimex,4.0,3.0,9.0,4.0,9.0,1.5699982522767921,-0.4292040979448456
Cardi B,4.0,8.0,,9.0,5.0,0.5700413901506544,0.6704513775955669
